{"geometry":"skinpacks\/skins.json","skins":[{"localization_name":"skin1","geometry":"geometry.humanoid.custom","texture":"Grandpa.png","type":"free"},{"localization_name":"skin2","geometry":"geometry.humanoid.custom","texture":"Granny.png","type":"free"},{"localization_name":"skin3","geometry":"geometry.humanoid.custom","texture":"Slendrina.png","type":"free"},{"localization_name":"skin4","geometry":"geometry.humanoid.custom","texture":"The_Nun.png","type":"free"},{"localization_name":"skin5","geometry":"geometry.humanoid.custom","texture":"Evil_Nun.png","type":"free"}],"serialize_name":"Halloween_Skin_Pack_Bundle","localization_name":"Halloween_Skin_Pack_Bundle"}